t,S,I,R
0.0,990.0,10.0,0.0
0.05,989.7510094283421,10.123221941265898,0.12576863039201994
0.1,989.4990153201708,10.247898072231514,0.2530866075976502
0.15000000000000002,989.243983845902,10.374043948021487,0.3819722060765054
0.2,988.9858808548255,10.50167524966038,0.5124438955141676
0.25,988.7246718735825,10.630807784021933,0.6445203423956541
0.3,988.4603221046789,10.761457483743115,0.7782204115780327
0.35000000000000003,988.1927964250364,10.893640407101916,0.913563167861736
0.4,987.9220593845821,11.027372737857792,1.0505678775601168
0.45,987.6480752048795,11.16267078505369,1.1892540100667697
0.5,987.3708077778014,11.299550982778545,1.3296412394201316
0.55,987.0902206642461,11.438029889889096,1.4717494458648617
0.6000000000000001,986.8062770929007,11.578124189689905,1.6155987174094824
0.6500000000000001,986.5189399590499,11.719850689570375,1.7612093513797547
0.7000000000000001,986.2281718234352,11.863226320597605,1.90860185596724
0.7500000000000001,985.9339349111638,12.008268137063855,2.0577969517724917
0.8,985.6361911106704,12.1549933159874,2.2088155733422976
0.8500000000000001,985.3349019727342,12.303419156565528,2.3616788707003895
0.9000000000000001,985.0300287095507,12.453563079578393,2.516408210871004
0.9500000000000001,984.721532193863,12.605442626742459,2.673025179394682
1.0,984.4093729581523,12.759075460012216,2.831551581835664
1.05,984.0935111938911,12.914479360828823,2.992009445280222
1.1,983.7739067508605,13.071672229314357,3.154421019825268
1.1500000000000001,983.4505191365333,13.230672083410285,3.3188087800565373
1.2000000000000002,983.1233075155258,13.391497057958757,3.485195426515651
1.2500000000000002,982.7922307091195,13.554165403725348,3.653603887155326
1.3,982.4572471948564,13.71869548636178,3.824057318782001
1.35,982.1183151062079,13.885105785307214,3.9965791084851094
1.4000000000000001,981.7753922323213,14.053414892626625,4.1711928750522285
1.4500000000000002,981.4284360178461,14.223641511784773,4.347922470369308
1.5000000000000002,981.0774035628408,14.39580445635429,4.52679198080516
1.55,980.7222516227645,14.569922648656336,4.7078257285793885
1.6,980.3629366085551,14.746015118332307,4.891048273112885
1.6500000000000001,979.9994145867952,14.924101000845015,5.07648441236004
1.7000000000000002,979.6316412799707,15.104199535907783,5.264159184121772
1.7500000000000002,979.259572066822,15.286330065839865,5.454097867338454
1.8,978.8831619827919,15.470512033846566,5.646325983361819
1.85,978.5023657205729,15.656764982222453,5.840869297204884
1.9000000000000001,978.1171376307553,15.845108550476015,6.037753818768935
1.9500000000000002,977.7274317225796,16.035562473374107,6.237005804046555
2.0,977.333201664796,16.228146578904518,6.438651756299709
2.05,976.9344007866334,16.42288078615498,6.64271842721184
2.1,976.5309820788805,16.619785103106913,6.849232818012913
2.15,976.1228981950818,16.81887962434219,7.058222180576352
2.1999999999999997,975.7101014528524,17.02018452866122,7.269714018486746
2.25,975.2925438353126,17.223720076610586,7.483736088077226
2.3,974.8701769926465,17.429506607918537,7.700316399435361
2.35,974.4429522437875,17.63756453883651,7.9194832173764125
2.4,974.0108205782327,17.84791435938499,8.14126506238276
2.45,973.5737326579903,18.060576630501885,8.365690711508293
2.5,973.1316388196623,18.275571981091655,8.592789199246548
2.55,972.6844890766657,18.492921104973416,8.82258981836131
2.6,972.2322331215959,18.712644757726196,9.055122120678448
2.65,971.7748203287333,18.93476375342959,9.290415917837642
2.7,971.3121997566998,19.15929896129798,9.528501282002726
2.75,970.8443201512647,19.386271302206538,9.769408546529267
2.8,970.3711299483053,19.615701745107174,10.013168306588044
2.85,969.8925772769248,19.847611303332695,10.259811419743023
2.9,969.4086099627308,20.082021030787303,10.509369006482434
2.95,968.9191755312773,20.318952018021673,10.76187245070149
3.0,968.4242212116743,20.558425388190813,11.017353400135347
3.05,967.9236939403668,20.800462292892913,11.27584376674076
3.1,967.417540365088,21.045083907887413,11.537375727024994
3.15,966.9057068489896,21.2923114286905,11.801981722320438
3.2,966.3881394749508,21.542166066046295,12.069694459003394
3.25,965.864784050073,21.794669041271984,12.34054690865546
3.3,965.3355861103594,22.049841581475143,12.61457230816594
3.35,964.8004909255852,22.307704914641555,12.891804159773653
3.4,964.259443504362,22.56828026459182,13.172276231046533
3.45,963.712388599398,22.831588845805065,13.45602255479735
3.5,963.1592707129583,23.097651858108122,13.743077428933887
3.55,962.6000341025299,23.366490481228528,14.033475416241888
3.6,962.0346227866916,23.63812586920974,14.327251344099055
3.65,961.462980551195,23.912579144686998,14.62444030411837
3.7,960.8850509552591,24.18987139302227,14.925077651718977
3.75,960.3007773380807,24.470023656296803,15.229199005622878
3.8,959.710102825565,24.753056927159772,15.536840247275617
3.85,959.1129703372795,25.038992142531587,15.848037520189187
3.9,958.5093225936346,25.327850177160485,16.162827229205302
3.95,957.8991021232921,25.619651837031043,16.481246039677192
4.0,957.282251270809,25.91441785262328,16.803330876568097
4.05,956.6587122045147,26.212168872021135,17.12911892346454
4.1,956.0284269246288,26.51292545386907,17.458647621502504
4.15,955.39133727162,26.816708060175667,17.791954668204642
4.2,954.7473849348107,27.123537048963133,18.12907801622653
4.25,954.0965114612286,27.43343266676165,18.470055872010096
4.3,953.4386582647105,27.746415040947625,18.814926694342248
4.35,952.7737666352587,28.062504171924928,19.16372919281675
4.4,952.1017777486546,28.38171992514829,19.51650232619737
4.45,951.4226326763319,28.70408202298809,19.87328530068034
4.5,950.7362723955104,29.02961003643586,20.23411756805413
4.55,950.0426377995959,29.3583233766499,20.59903882375454
4.6,949.3416697088468,29.69024128634049,20.968089004813095
4.65,948.6333088813093,30.025382830994264,21.341308287696783
4.7,947.9174960240259,30.3637668899374,21.71873708603707
4.75,947.1941718045168,30.7054121472374,22.100416048246185
4.8,946.4632768625385,31.050337082443303,22.486386055018695
4.8500000000000005,945.7247518221199,31.398559961164267,22.876688216716303
4.9,944.97853730388,31.750098825486614,23.271363870633877
4.95,944.2245739376264,32.104971484229495,23.670454578144675
5.0,943.4628023752383,32.46319550303945,24.07400212172277
5.05,942.6931633038356,32.82478819432428,24.482048501840644
5.1000000000000005,941.9155974592338,33.18976660702675,24.894635933739952
5.15,941.1300456396883,33.55814751623876,25.311806844073473
5.2,940.3364487199275,33.92994741265681,25.733603867416228
5.25,939.5347476654772,34.30518249187956,26.160069842643807
5.3,938.7248835472759,34.68386864354872,26.591247809175954
5.3500000000000005,937.906797556583,35.066021440334225,27.02718100308341
5.4,937.0804310201793,35.451656126765265,27.467912853056127
5.45,936.2457254158612,35.840787607908496,27.913486976230903
5.5,935.4026223882289,36.233430437895144,28.36394717387655
5.55,934.5510637647672,36.62959880829878,28.819337426934723
5.6000000000000005,933.6909915722204,37.02930653636574,29.279701891414533
5.65,932.8223480532612,37.43256705310028,29.745084893639145
5.7,931.9450756834513,37.83939339120684,30.215530925342538
5.75,931.0591171884942,38.24979817289182,30.691084638614658
5.8,930.1644155617798,38.6637935975275,31.171790840693248
5.8500000000000005,929.260914082219,39.08139142918104,31.657694488600598
5.9,928.3485563323655,39.502602984011446,32.14884068362361
5.95,927.4272862168273,39.92743911753783,32.64527466563551
6.0,926.4970479809607,40.35591021178225,33.1470418072576
6.05,925.5577862298501,40.788026162290855,33.654187607859576
6.1000000000000005,924.6094459475667,41.22379636503697,34.16675768739683
6.15,923.6519725167068,41.66322970321029,34.68479778008334
6.2,922.6853117382054,42.10633453389629,35.20835372789874
6.25,921.709409851422,42.553118674650264,35.737471473928196
6.3,920.7242135544959,43.003589389970735,36.272197055533866
6.3500000000000005,919.7296700249669,43.45775337767692,36.81257659735662
6.4,918.7257269406581,43.91561675519547,37.35865630414695
6.45,917.7123325008149,44.37718504576171,37.9104824534239
6.5,916.6894354474986,44.842463164540874,38.468101387961035
6.55,915.656985087227,45.311455404675144,39.031559508098375
6.6000000000000005,914.6149313128585,45.784165423262415,39.6009032638796
6.65,913.5632246257139,46.260596227273034,40.17617914701352
6.7,912.5018161579304,46.740750159410894,40.757433682659155
6.75,911.4306576950411,47.22462888392563,41.34471342103379
6.8,910.3497016987743,47.71223337238279,41.93806492884339
6.8500000000000005,909.2589013300665,48.20356388939912,42.53753478053495
6.9,908.1582104722798,48.69861997835039,43.1431695493703
6.95,907.04758375462,49.197400447059366,43.75501579832119
7.0,905.9269765757434,49.699903353471775,44.37312007078534
7.05,904.7963451275486,50.20612599132845,44.99752888112344
7.1000000000000005,903.6556464191416,50.7160648758419,45.628288705017056
7.15,902.504838300967,51.22971572938601,46.265445969647544
7.2,901.3438794890967,51.747073467207535,46.90904704369628
7.25,900.1727295896654,52.26813218316869,47.55913822716641
7.3,898.991349123444,52.792885135529886,48.2157657410266
7.3500000000000005,897.7996995505407,53.321324732782344,48.87897571667747
7.4,896.5977432952191,53.85344251954024,49.548814185241206
7.45,895.3854437708228,54.38922916250246,50.22532706667527
7.5,894.1627654047952,54.92867443649414,50.908560158711154
7.55,892.9296736637829,55.47176721059847,51.598559125619175
7.6000000000000005,891.6861350788106,56.01849543438941,52.29536948680053
7.65,890.4321172705163,56.56884612427626,52.99903660520799
7.7,889.1675889744328,57.122805349971166,53.7096056755966
7.75,887.8925200663036,57.680358221090806,54.42712171260609
7.8,886.6068815874199,58.24148887390392,55.15162953867671
7.8500000000000005,885.310645769964,58.80618045823621,55.88317377180035
7.9,884.0037860623469,59.37441512454472,56.621798813109045
7.95,882.6862771545241,59.94617401117356,57.367548834302994
8.0,881.3580950032766,60.52143723180346,58.12046776492054
8.05,880.0192168574407,61.1001838631074,58.880599279452476
8.100000000000001,878.6696212830722,61.68239193262502,59.647986784303434
8.15,877.3092881885289,62.268038406868605,60.42267340460314
8.200000000000001,875.9381988494567,62.85709917967335,61.20470197087049
8.250000000000002,874.5563359336618,63.44954906080517,61.994115005533615
8.3,873.1636835258523,64.04536176483906,62.79095470930922
8.350000000000001,871.7602271522346,64.64450990032132,63.59526294744465
8.4,870.3459538049452,65.24696495922908,64.40708123582635
8.450000000000001,868.9208519663018,65.85269730674042,65.22645072695846
8.500000000000002,867.4849116328561,66.46167617132897,66.0534121958156
8.55,866.0381243392305,67.07386963519623,66.88800602557389
8.600000000000001,864.5804831817205,67.68924462505558,67.73027219322458
8.65,863.1119828416444,68.30776690328159,68.58025025507473
8.700000000000001,861.6326196084226,68.92940105943838,69.43797933213968
8.750000000000002,860.1423914023679,69.55411050220084,70.30349809543192
8.8,858.6412977971664,70.18185745168256,71.17684475115168
8.850000000000001,857.1293400420326,70.81260293218402,72.05805702578408
8.9,855.6065210835172,71.44630676537506,72.94717215110845
8.950000000000001,854.0728455869506,72.08292756392504,73.8442268491251
9.000000000000002,852.5283199575006,72.72242272559468,74.7492573169055
9.05,850.9729523608266,73.36474842780272,75.66229921137135
9.100000000000001,849.4067527433106,74.00985962268125,76.58338763400893
9.15,847.8297328518432,74.65771003263279,77.51255711552474
9.200000000000001,846.2419062531494,75.30825214640261,78.44984160044879
9.250000000000002,844.6432883526297,75.96143721567911,79.39527443169203
9.3,843.0338964127006,76.61721525223545,80.34888833506474
9.350000000000001,841.4137495706133,77.27553502562493,81.31071540376261
9.4,839.7828688557304,77.93634406144288,82.28078708282752
9.450000000000001,838.1412772062433,78.59958864016724,83.2591341535902
9.500000000000002,836.4889994853086,79.26521379659005,84.2457867181021
9.55,834.8260624965853,79.93316331985152,85.2407741835639
9.600000000000001,833.1524949991541,80.60337975408838,86.24412524675826
9.650000000000002,831.4683277217985,81.27580439970775,87.25586787849457
9.700000000000001,829.7735933766297,81.95037731529742,88.27602930807362
9.750000000000002,828.0683266720374,82.62703732018316,89.30463600778016
9.8,826.3525643249458,83.30572199764346,90.34171367741153
9.850000000000001,824.6263450723588,83.98636769879131,91.3872872288506
9.900000000000002,822.8897096821764,84.66890954713286,92.44138077069151
9.950000000000001,821.1427009632624,85.35328144381167,93.50401759292666
10.000000000000002,819.3853637747497,86.03941607354754,94.5752201517035
10.05,817.6177450345627,86.72724491127791,95.65501005416012
10.100000000000001,815.8398937271432,87.41669822950952,96.74340804334803
10.150000000000002,814.0518609103615,88.1077051063878,97.84043398325157
10.200000000000001,812.2536997215979,88.80019343449041,98.94610684391257
10.250000000000002,810.4454653829799,89.49408993035142,100.06044468666948
10.3,808.6272152057591,90.18932014472159,101.18346464952023
10.350000000000001,806.7990085938131,90.8858084735699,102.31518293261789
10.400000000000002,804.9609070462616,91.58347816983085,103.45561478390854
10.450000000000001,803.1129741591787,92.28225135590152,104.6047744849207
10.500000000000002,801.2552756263939,92.9820490368915,105.76267533671556
10.55,799.3878792393646,93.68279111462861,106.92932964600774
10.600000000000001,797.510854886113,94.38439640242231,108.10474871146569
10.650000000000002,795.6242745492135,95.0867826405861,109.28894281020139
10.700000000000001,793.7282123028222,95.78986651271983,110.48192118445897
10.750000000000002,791.8227443087377,96.49356366275181,111.68369202851144
10.8,789.9079488114857,97.19778871273996,112.8942624757753
10.850000000000001,787.9839061324177,97.90245528143085,114.11363858615235
10.900000000000002,786.0506986628184,98.60747600357428,115.3418253336082
10.950000000000001,784.108410856013,99.31276254999074,116.57882659399702
11.000000000000002,782.157129218471,100.01822564838808,117.82464513314169
11.05,780.1969422998988,100.72377510492318,119.0792825951789
11.100000000000001,778.2279406823192,101.4293198265033,120.34273949117836
11.150000000000002,776.2502169681337,102.13476784382168,121.61501518804546
11.200000000000001,774.2638657671642,102.84002633512031,122.89610789771625
11.250000000000002,772.2689836826737,103.54500165067297,124.18601466665415
11.3,770.2656692963637,104.24959933797999,125.48473136565705
11.350000000000001,768.2540231523509,104.95372416766608,126.7922526799838
11.400000000000002,766.2341477401206,105.65728016007145,128.10857209980873
11.450000000000001,764.2061474764624,106.36017061252566,129.43368191101277
11.500000000000002,762.1701286863878,107.06229812729312,130.76757318631994
11.55,760.1261995830358,107.76356464017802,132.11023577678702
11.600000000000001,758.0744702465697,108.46387144977615,133.461658303655
11.650000000000002,756.015052602071,109.16311924735973,134.8218281505701
11.700000000000001,753.9480603964374,109.86120814738128,136.1907314561822
11.750000000000002,751.8736091742913,110.55803771858113,137.56835310712842
11.8,749.7918162529086,111.25350701568308,138.95467673140922
11.850000000000001,747.7028006961752,111.9475146116614,140.3496846921643
11.900000000000002,745.6066832875837,112.63995863056202,141.7533580818552
11.950000000000001,743.5035865022791,113.33073678086001,143.16567671686178
12.000000000000002,741.3936344781678,114.01974638933446,144.58661913249864
12.05,739.2769529861009,114.70688443544165,146.0161625784583
12.100000000000001,737.1536693991476,115.3920475861663,147.45428301468698
12.150000000000002,735.0239126609716,116.0751322313303,148.90095510769896
12.200000000000001,732.8878132533283,116.7560345193376,150.35615222733495
12.250000000000002,730.7455031626976,117.43465039333334,151.81984644396996
12.3,728.5971158460704,118.11087562775472,153.29200852617566
12.350000000000001,726.4427861959085,118.78460586525046,154.77260793884184
12.400000000000002,724.2826505042939,119.45573665394531,156.26161284176166
12.450000000000001,722.1168464262909,120.12416348502538,157.7589900886846
12.500000000000002,719.94551294254,120.7897818306196,159.26470522684136
12.55,717.768790321105,121.45248718195229,160.7787224969436
12.600000000000001,715.5868200785972,122.11217508774112,162.3010048336626
12.650000000000002,713.3997449405974,122.76874119281449,163.83151386658892
12.700000000000001,711.2077088014026,123.422081276922,165.37020992167623
12.750000000000002,709.0108566831185,124.0720912937111,166.91705202317127
12.8,706.809334694126,124.71866740984294,168.47199789603184
12.850000000000001,704.6032899869462,125.36170604421996,170.03500396883467
12.900000000000002,702.3928707155294,126.00110390729746,171.60602537717398
12.950000000000001,700.1782259919976,126.63675804045143,173.18501596755186
13.000000000000002,697.9595058428655,127.26856585537422,174.7719283017611
13.05,695.7368611647705,127.89642517347002,176.3667136617603
13.100000000000001,693.510443679738,128.52023426522146,177.96932205504132
13.150000000000002,691.2804058900133,129.1398918894989,179.57970222048863
13.200000000000001,689.0469010324877,129.7552973327838,181.19780163472933
13.250000000000002,686.8100830327506,130.3663504482773,182.82356651897285
13.3,684.5701064587967,130.97295169486546,184.45694184633868
13.350000000000001,682.3271264744182,131.5750021759126,186.09787134967007
13.400000000000002,680.0812987923156,132.17240367785385,187.74629752983142
13.450000000000001,677.8327796269556,132.76505870855863,189.4021616644867
13.500000000000002,675.5817256472085,133.35287053543664,191.06540381735581
13.55,673.3282939287972,133.93574322325816,192.73596284794556
13.600000000000001,671.072641906589,134.51358167166052,194.4137764217514
13.650000000000002,668.8149273267617,135.08629165231324,196.09878102092597
13.700000000000001,666.5553081988771,135.65377984571404,197.79091195540974
13.750000000000002,664.2939427478927,136.21595387758876,199.49010337451944
13.8,662.0309893661441,136.77272235486816,201.19628827898865
13.850000000000001,659.7666065653303,137.32399490121523,202.90939853345537
13.900000000000002,657.5009529285334,137.86968219207677,204.6293648793908
13.950000000000001,655.234187062304,138.40969598923377,206.35611694846313
14.000000000000002,652.9664675488459,138.9439491748252,208.0895832763298
14.05,650.6979528983283,139.47235578482068,209.82969131685195
14.100000000000001,648.42880150136,139.99483104191754,211.57636745672337
14.150000000000002,646.1591715816545,140.51129138783915,213.3295370305072
14.200000000000001,643.8892211489176,141.02165451501094,215.0891243360723
14.250000000000002,641.6191079519872,141.52583939759188,216.85505265042175
14.3,639.3489894322562,142.02376632183973,218.62724424590493
14.350000000000001,637.0790226774071,142.51535691578871,220.40562040680499
14.400000000000002,634.8093643754888,143.0005341782191,222.19010144629289
14.450000000000001,632.5401707693627,143.47922250689913,223.98060672373896
14.500000000000002,630.2715976115478,143.95134772608003,225.77705466237293
14.55,628.0038001194921,144.41683711322588,227.57936276728282
14.600000000000001,625.7369329312969,144.87561942496083,229.38744764374306
14.650000000000002,623.471150061922,145.32762492221678,231.20122501586204
14.700000000000001,621.2066048598962,145.77278539456574,233.0206097455389
14.750000000000002,618.9434499645602,146.21103418372144,234.84551585171926
14.8,616.6818372638652,146.64230620619622,236.6758565299395
14.850000000000001,614.4219178527526,147.06653797509946,238.51154417214886
14.900000000000002,612.1638419921372,147.48366762106497,240.35249038679868
14.950000000000001,609.9077590685176,147.89363491229565,242.19860601918757
15.000000000000002,607.6538175542347,148.29638127371445,244.0498011720517
15.05,605.4021649684004,148.69184980521166,245.90598522638882
15.100000000000001,603.1529478385168,149.0799852989795,247.7670668625046
15.150000000000002,600.9063116628055,149.4607342559254,249.63295408126996
15.200000000000001,598.6624008732658,149.8340449011572,251.50355422557777
15.250000000000002,596.4213587994801,150.1998671985334,253.37877400198732
15.3,594.1833276331831,150.55815286427307,255.25851950254463
15.350000000000001,591.948448393613,150.90885537962063,257.1426962267672
15.400000000000002,589.7168608936578,151.25193000256212,259.031209103781
15.450000000000001,587.4887037068132,151.58733377858962,260.92396251459803
15.500000000000002,585.2641141349661,151.91502555051224,262.82086031452246
15.55,583.0432281770151,152.23496596731232,264.72180585567344
15.600000000000001,580.8261804983413,152.54711749204688,266.6267020096126
15.650000000000002,578.6131044011415,152.8514444087948,268.5354511900644
15.700000000000001,576.4041317956319,153.14791282865133,270.4479553757175
15.750000000000002,574.1993931721338,153.43649069477212,272.3641161330948
15.8,571.9990175740494,153.71714778647046,274.2838346394808
15.850000000000001,569.8031325717351,153.98985572237115,276.2070117058944
15.900000000000002,567.6118642372793,154.2545879626263,278.133547800095
15.950000000000001,565.4253371201914,154.51131981019847,280.06334306961065
16.0,563.2436742240066,154.76002841121775,281.9962973647763
16.05,561.06699698381,155.00069275441973,283.9323102617708
16.1,558.8954252446864,155.23329366967266,285.87128108564144
16.150000000000002,556.7290772410945,155.4578138256021,287.8131089333039
16.200000000000003,554.5680695771703,155.67423772632273,289.7576926965075
16.25,552.4125172079598,155.88255170728723,291.70493108475347
16.3,550.262533421581,156.08274393026315,293.6547226481564
16.35,548.1182298223142,156.274804377449,295.60696580023733
16.400000000000002,545.9797163146211,156.45872484474168,297.56155884063776
16.450000000000003,543.8471010880879,156.63449893416805,299.51839997774454
16.5,541.7204906032921,156.80212204549355,301.4773873512149
16.55,539.5999895785872,156.96159136702192,303.43841905439143
16.6,537.4857009778028,157.11290586560034,305.4013931565974
16.650000000000002,535.3777259988541,157.25606627584472,307.3662077253017
16.700000000000003,533.276164063255,157.39107508860064,309.33276084814486
16.75,531.1811128065292,157.51793653865562,311.30095065481567
16.8,529.0926680695113,157.6366565917191,313.2706753387701
16.85,527.0109238905313,157.74724293068664,315.24183317878254
16.900000000000002,524.9359724984736,157.84970494120577,317.21432256032114
16.950000000000003,522.8679043067016,157.9440536965604,319.1880419967385
17.0,520.8068079078394,158.03030194189196,321.1628901502691
17.05,518.7527700693993,158.10846407777552,323.13876585282566
17.1,516.7058757302459,158.1785561431686,325.11556812658597
17.150000000000002,514.6662079978852,158.24059579775218,327.0931962043631
17.200000000000003,512.6338481465674,158.29460230368218,329.07154954975084
17.25,510.6088756161917,158.340596506771,331.0505278770378
17.3,508.59136801200026,158.37860081711796,333.0300311708823
17.35,506.58140110504934,158.40863918920874,335.00995970574246
17.400000000000002,504.57904883344395,158.43073710150284,336.99021406505375
17.450000000000003,502.58438330432256,158.44492153552932,338.9706951601487
17.5,500.5974747965783,158.45122095451038,340.95130424891187
17.55,498.61839176430226,158.44966528153287,342.9319429541654
17.6,496.6472008409345,158.44028587728772,344.91251328177833
17.650000000000002,494.6839668441078,158.4231155173972,346.8929176384956
17.700000000000003,492.72875278116965,158.3981883693503,348.8730588494806
17.75,490.7816198553669,158.3655399690658,350.8528401755679
17.8,488.8426274726771,158.3252071971037,352.83216533021977
17.85,486.9118332492721,158.27722825454433,354.8109384961842
17.900000000000002,484.9892930195968,158.22164263855515,356.7890643418487
17.950000000000003,483.0750608450478,158.15849111766548,358.7664480372874
18.0,481.1691890232357,158.08781570676808,360.74299526999687
18.05,479.2717280978144,158.0096596418679,362.71861226031837
18.1,477.3827268688617,157.92406735459656,364.6932057765424
18.150000000000002,475.50223240379415,157.83108444651262,366.66668314969394
18.200000000000003,473.6302900488001,157.73075766320613,368.6389522879945
18.25,471.766943440774,157.62313486822651,370.6099216910002
18.3,469.9122345197363,157.50826501685242,372.579500463412
18.35,468.06620354172065,157.38619812972195,374.5475983285581
18.400000000000002,466.2288890921142,157.2569852663415,376.51412564154504
18.450000000000003,464.4003280994319,157.12067849849103,378.47899340207783
18.5,462.5805558495108,156.97733088354354,380.4421132669464
18.55,460.769606000106,156.82699643771616,382.40339756217855
18.6,458.9675105958729,156.66973010926984,384.362759294858
18.650000000000002,457.174300083719,156.50558775167448,386.3201121646073
18.700000000000003,455.39000332850964,156.33462609675615,388.27537057473495
18.75,453.614647629111,156.1569027278424,390.22844964304727
18.8,451.84825873475484,155.97247605292162,392.1792652123242
18.85,450.0908608617088,155.78140527783188,394.12773386046
18.900000000000002,448.3424767102371,155.58375037949452,396.07377291026904
18.950000000000003,446.603127481836,155.37957207920743,398.01730043895725
19.0,444.872832896728,155.16893181601216,399.9582352872605
19.05,443.1516112116011,154.9518917201493,401.89649706825026
19.1,441.4394792375767,154.72851458661583,403.83200617580815
19.150000000000002,439.73645235839206,154.49886384883774,405.7646837927709
19.200000000000003,438.04254454878327,154.26300355247088,407.69445189874654
19.250000000000004,436.35776839305316,154.02099832934286,409.62123327760463
19.3,434.6821351038113,153.77291337154827,411.5449515246411
19.35,433.0156545408714,153.51881440570875,413.4655310534205
19.400000000000002,431.358335230293,153.2587676674099,415.38289710229776
19.450000000000003,429.7101843835535,152.99283987582575,417.2969757406214
19.500000000000004,428.07120791683815,152.72109820854172,419.20769387462076
19.55,426.4414104704344,152.4436102765863,421.11497925297994
19.6,424.8207954282181,152.16044409968157,423.0187604721009
19.650000000000002,423.20936493722,151.87166808172188,424.91896698105865
19.700000000000003,421.60711992725913,151.5773509864901,426.8155290862513
19.750000000000004,420.0140601306321,151.27756191362016,428.70837795574823
19.8,418.4301841018469,150.97237027481424,430.59744562333935
19.85,416.855489237389,150.66184577032288,432.4826649922886
19.900000000000002,415.2899717955099,150.34605836569534,434.36396983879524
19.950000000000003,413.7336269160265,150.0250782688078,436.2412948151662
20.000000000000004,412.186448640121,149.69897590717625,438.1145754527032
20.05,410.64842993013207,149.36782190556065,439.98374816430777
20.1,409.1195626893258,149.03168706386631,441.84875024680844
20.150000000000002,407.5998377816381,148.69064233534888,443.70951988301357
20.200000000000003,406.08924505137907,148.34475880512792,445.5659961434936
20.250000000000004,404.5877733428895,147.99410766901445,447.41811898809664
20.3,403.09541052014174,147.6387602126573,449.2658292672015
20.35,401.61214348627595,147.27878779101258,451.10906872271204
20.400000000000002,400.1379582030633,146.9142618081405,452.94777998879675
20.450000000000003,398.67283971028894,146.54525369733346,454.78190659237816
20.500000000000004,397.21677214504626,146.17183490157862,456.6113929533757
20.55,395.76973876093564,145.79407685435837,458.4361843847065
20.6,394.3317219471605,145.41205096079142,460.2562270920486
20.650000000000002,392.90270324751333,145.02582857911722,462.07146817336996
20.700000000000003,391.48266337924605,144.63548100252572,463.88185561822877
20.750000000000004,390.0715822518173,144.24107944133476,465.6873383068485
20.8,388.66943898551153,143.84269500551648,467.48786600897256
20.85,387.2762119299238,143.4403986875744,469.2833893825023
20.900000000000002,385.89187868230437,143.03426134577228,471.07385997192387
20.950000000000003,384.5164161057583,142.62435368771537,472.85923020652683
21.000000000000004,383.14980034729496,142.2107462542851,474.63945339842047
21.05,381.79200685572226,141.7935094039273,476.414483740351
21.1,380.44301039938176,141.37271329729407,478.18427630332474
21.150000000000002,379.1027850837193,140.94842788223957,479.94878703404174
21.200000000000003,377.7713043686882,140.52072287916872,481.7079727521437
21.250000000000004,376.44854108598054,140.089667766739,483.46179114728113
21.3,375.13446745608246,139.65533176791413,485.21020077600406
21.35,373.82905510515144,139.21778383636874,486.9531610584805
21.400000000000002,372.5322750817106,138.77709264324292,488.6906322750471
21.450000000000003,371.24409787315864,138.33332656424534,490.42257556259665
21.500000000000004,369.9644934220912,137.88655366710316,492.14895291080626
21.55,368.6934311424323,137.4368416993573,493.86972715821105
21.6,367.4308799353725,136.98425807650094,495.5848619881272
21.650000000000002,366.17680820511225,136.52886987045923,497.29432192442914
21.700000000000003,364.9311838744079,136.0707437984081,498.9980723271846
21.750000000000004,363.6939743999187,135.60994621192964,500.69607938815227
21.8,362.4651467873535,135.1465430865015,502.38831012614565
21.85,361.24466760641485,134.68060001131795,504.0747323822679
21.900000000000002,360.03250300554015,134.21218217943925,505.7553148150213
21.950000000000003,358.8286187264378,133.74135437826703,507.43002689529584
22.000000000000004,357.632980118418,133.26818098034207,509.0988389012406
22.05,356.4455521525169,132.79272593446177,510.76172191302203
22.1,355.2662994354136,132.31505275711368,512.4186478074733
22.150000000000002,354.09518622313976,131.8352245242219,514.0695892526389
22.200000000000003,352.9321764345806,131.35330386320297,515.7145197022171
22.250000000000004,351.77723366476766,130.86935294532736,517.3534133899057
22.3,350.6303211979634,130.38343347838324,518.986245323654
22.35,349.4914020205365,129.89560669963862,520.6129912798255
22.400000000000002,348.36043883362936,129.4059333690981,522.2336277972731
22.450000000000003,347.23739406561674,128.91447376305038,523.8481321713335
22.500000000000004,346.122229884357,128.4212876679025,525.4564824477411
22.55,345.0149082092355,127.92643437429696,527.0586574164681
22.6,343.9153907230012,127.42997267150743,528.6546366054919
22.650000000000002,342.82363888339705,126.93196084210925,530.2444002744942
22.700000000000003,341.73961393458455,126.4324566569203,531.8279294084956
22.750000000000004,340.6632769183638,125.93151737020814,533.4052057114285
22.8,339.59458868519,125.42919971515926,534.9762115996513
22.85,338.5335099049865,124.92555989960606,536.5409301954079
22.900000000000002,337.4800010777571,124.42065360200733,538.099345320236
22.950000000000003,336.434022543997,123.91453596767795,539.6514414883255
23.000000000000004,335.3955344949051,123.40726160526334,541.1972038998321
23.05,334.36449698239807,122.8988845834545,542.7366184341479
23.1,333.340869928928,122.3894584279391,544.2696716431334
23.150000000000002,332.32461313710496,121.8790361185843,545.7963507443112
23.200000000000003,331.3156862991259,121.36767008684694,547.3166436140276
23.250000000000004,330.31404900601177,120.85541221340681,548.8305387805818
23.3,329.31966075665395,120.34231382601831,550.3380254173281
23.35,328.3324809666723,119.82842569757646,551.8390933357517
23.400000000000002,327.3524689770859,119.31379804439271,553.3337329785219
23.450000000000003,326.3795840627991,118.79848052467617,554.8219354125252
23.500000000000004,325.41378544090367,118.28252223721597,556.3036923218809
23.55,324.4550322787996,117.76597172026047,557.7789960009405
23.6,323.5032837021363,117.24887695058872,559.2478393472755
23.650000000000002,322.5584988025762,116.73128534277028,560.710215854654
23.700000000000003,321.6206366453824,116.2132437486087,562.1661196060095
23.750000000000004,320.68965627683247,115.69479845676479,563.6155452664034
23.8,319.7655167314609,115.17599519255502,565.0584880759848
23.85,318.8481770391313,114.65687911792132,566.494943842948
23.900000000000002,317.9375962319416,114.13749483156772,567.9249089364913
23.950000000000003,317.0337333509629,113.61788636925982,569.3483802797779
24.000000000000004,316.13654745281553,113.09809720428309,570.7653553429019
24.05,315.2459976160834,112.57817024805574,572.1758321358614
24.1,314.3620429475692,112.05814785089221,573.5798092015391
24.150000000000002,313.4846425883925,111.53807180291332,574.9772856086947
24.200000000000003,312.61375571993307,111.01798333509903,576.3682609449684
24.250000000000004,311.7493415696213,110.49792312047997,577.7527353098992
24.3,310.891359416578,109.97793127546376,579.1307093079587
24.35,310.0397685971058,109.45804736129244,580.5021840416022
24.400000000000002,309.19452851003456,108.93831038562702,581.8671611043388
24.450000000000003,308.3555986219222,108.41875880425557,583.2256425738227
24.500000000000004,307.52293847211416,107.89943052292108,584.5776310049653
24.55,306.696507677663,107.38036289926542,585.923129423072
24.6,305.87626593811035,106.86159274488584,587.2621413170043
24.650000000000002,305.06217304013353,106.34315632750038,588.5946706323666
24.700000000000003,304.25418886205927,105.8250893732188,589.9207217647224
24.750000000000004,303.45227337824605,105.30742706891539,591.240299552839
24.8,302.6563866633379,104.79020406470045,592.5534092719621
24.85,301.8664888963912,104.2734544764869,593.8600566271223
24.900000000000002,301.0825403648772,103.75721188864891,595.1602477464743
24.950000000000003,300.3045014685619,103.241509356769,596.4539891746695
25.000000000000004,299.53233272326577,102.72637941047076,597.7412878662639
25.05,298.765994764505,102.2118540563337,599.0221511791617
25.1,298.00544835101715,101.69796478088742,600.2965868680958
25.150000000000002,297.25065436817215,101.18474255368174,601.5646030781465
25.200000000000003,296.5015738312717,100.67221783043016,602.8262083382987
25.250000000000004,295.7581678887387,100.16042055622329,604.0814115550386
25.3,295.0203978251988,99.64938016880977,605.330222005992
25.35,294.28822506445607,99.13912560194147,606.5726493336031
25.400000000000002,293.5616111723647,98.62968528878044,607.8087035388555
25.450000000000003,292.840517859599,98.12108716536473,609.0383949750369
25.500000000000004,292.1249069843235,97.61335867413051,610.2617343415466
25.55,291.4147405547649,97.1065267674877,611.478732677748
25.6,290.70998073168806,96.60061791144663,612.6894013568658
25.650000000000002,290.01058983077814,96.09565808929332,613.8937520799291
25.700000000000003,289.3165303249299,95.59167280531055,615.0917968697601
25.750000000000004,288.6277648464473,95.08868708854264,616.2835480650106
25.8,287.94425618915415,94.58672549660143,617.4690183142449
25.85,287.26596731041826,94.08581211951109,618.6482205700711
25.900000000000002,286.5928613330906,93.58597058358954,619.8211680833203
25.950000000000003,285.92490154736134,93.08722405536426,620.9878743972748
26.000000000000004,285.26205141253484,92.58959524552021,622.1483533419454
26.05,284.60427455872457,92.09310641287792,623.302619028398
26.1,283.95153478847044,91.59777936839946,624.4506858431306
26.150000000000002,283.30379607828,91.10363547922042,625.5925684425
26.200000000000003,282.66102258009505,90.61069567270579,626.7282817471996
26.250000000000004,282.02317862268524,90.11898044052793,627.8578409367873
26.3,281.39022871297067,89.6285098427646,628.9812614442652
26.35,280.76213753727484,89.13930351201526,630.0985589507104
26.400000000000002,280.1388699625093,88.65138065753398,631.2097493799572
26.450000000000003,279.5203910372923,88.16476006937685,632.3148488933314
26.500000000000004,278.906665993002,87.67946012256267,633.4138738844359
26.55,278.29766024476646,87.19549878124472,634.5068409739894
26.6,277.6933393923919,86.71289360289245,635.5937670047161
26.650000000000002,277.0936692212303,86.23166174248122,636.674669036289
26.700000000000003,276.4986157029878,85.75181995668864,637.749564340324
26.750000000000004,275.9081449964759,85.27338460809602,638.8184703954286
26.8,275.32222344830615,84.79637166939354,639.8814048823008
26.85,274.74081759353027,84.3207967275875,640.9383856788827
26.900000000000002,274.1638941562266,83.84667498820859,641.9894308555653
26.950000000000003,273.5914200500347,83.37402127951954,643.0345586704462
27.000000000000004,273.0233623786387,82.90285005672108,644.0737875646406
27.05,272.45968843620176,82.43317540615483,645.1071361576438
27.1,271.90036570775163,81.96501104950194,646.1346232427469
27.150000000000002,271.34536186951965,81.49837034797623,647.1562677825045
27.200000000000003,270.7946447892338,81.03326630651085,648.1720889042557
27.250000000000004,270.2481825263673,80.56971157793706,649.1821058956959
27.3,269.7059433323436,80.10771846715438,650.1863382005023
27.35,269.1678956506993,79.64729893529086,651.1848054140102
27.400000000000002,268.6340081172059,79.18846460385242,652.177527278942
27.450000000000003,268.1042495599517,78.73122675886049,653.164523681188
27.500000000000004,267.5785889993848,78.27559635497681,654.1458146456387
27.55,267.056995648318,77.8215840196146,655.1214203320677
27.6,266.5394389118974,77.36920005703513,656.0913610310678
27.650000000000002,266.025888387535,76.91845445242888,657.0556571600364
27.700000000000003,265.5163138648069,76.46935687598052,658.0143292592129
27.750000000000004,265.0106853253172,76.02191668691684,658.9673979877663
27.8,264.50897294253014,75.57614293753689,659.9148841199333
27.85,264.0111470815697,75.1320443772236,660.8568085412071
27.900000000000002,263.5171782989885,74.68962945643624,661.7931922445756
27.950000000000003,263.0270373425073,74.24890633068291,662.7240563268101
28.000000000000004,262.54069515072496,73.80988286447254,663.6494219848028
28.05,262.0581228528007,73.37256663524569,664.5693105119539
28.1,261.57929176810876,72.93696493728358,665.4837432946078
28.150000000000002,261.1041734058671,72.50308478559481,666.3927418085383
28.200000000000003,260.63273946474004,72.07093291977915,667.296327615481
28.250000000000004,260.16496183241685,71.64051580786793,668.1945223597154
28.3,259.7008125851657,71.21183965014052,669.087347764694
28.35,259.24026398736476,70.78491038291638,669.974825629719
28.400000000000002,258.7832884910111,70.3597336823223,670.8569778266667
28.450000000000003,258.3298587352076,69.93631496803434,671.7338262967581
28.500000000000004,257.87994754562925,69.51465940699401,672.6053930473769
28.55,257.4335279339689,69.0947719170985,673.4717001489328
28.6,256.9905730973638,68.67665717086423,674.3327697317721
28.650000000000002,256.55105641780335,68.26031959906383,675.188623983133
28.700000000000003,256.1149514615185,67.84576339433578,676.0392851441459
28.750000000000004,255.68223197835368,67.43299251476665,676.8847755068798
28.8,255.25287190112215,67.02201068744567,677.7251174114323
28.85,254.8268453449448,66.6128214119911,678.5603332430642
28.900000000000002,254.40412660657347,66.20542796404847,679.3904454293781
28.950000000000003,253.98469016369938,65.79983339876013,680.2154764375406
29.000000000000004,253.5685106742469,65.39604055420624,681.035448771547
29.05,253.15556297565357,64.99405205481658,681.85038496953
29.1,252.74582208413685,64.59387031475335,682.6603076011099
29.150000000000002,252.33926319394806,64.19549754126454,683.4652392647876
29.200000000000003,251.9358616766141,63.79893573800787,684.2652025853782
29.250000000000004,251.53559308016744,63.404186708345,685.0602202114877
29.3,251.13843312836497,63.01125205860605,685.8503148130292
29.35,250.74435771989596,62.62013320132411,686.6355090787802
29.400000000000002,250.3533429275801,62.23083135843983,687.4158257139803
29.450000000000003,249.96536499755535,61.84334756447584,688.191287437969
29.500000000000004,249.58040034845703,61.45768266968102,688.9619169818621
29.55,249.1984255705875,61.07383734314449,689.7277370862682
29.6,248.8194174250777,60.6918120758793,690.4887704990432
29.650000000000002,248.44335284304077,60.31160718387574,691.2450399730836
29.700000000000003,248.07020892471795,59.93322281112432,691.9965682641579
29.750000000000004,247.69996293861723,59.556658932608194,692.7433781287747
29.8,247.3325923206454,59.181915357265346,693.4854923220894
29.85,246.96807467323362,58.80899173092016,694.2229335958464
29.900000000000002,246.6063877644569,58.437887539184686,694.9557246963585
29.950000000000003,246.24750952714805,58.06860211032943,695.6838883625227
30.000000000000004,245.8914180580061,57.70113461812378,696.4074473238703
30.05,245.53809161670003,57.335484084646104,697.1264242986541
30.1,245.18750862496765,56.9716493830635,697.8408419919691
30.150000000000002,244.83964766571032,56.60962924038134,698.5507230939086
30.200000000000003,244.49448748208354,56.24942224016256,699.2560902777541
30.250000000000004,244.152006976584,55.89102682521689,699.9569661981993
30.3,243.81218521013318,55.534441300259985,700.653373489607
30.35,243.4750014011579,55.17966383454261,701.3453347642997
30.400000000000002,243.14043492466806,54.82669246444991,702.0328726108822
30.450000000000003,242.8084653113318,54.47552509607099,702.7160095925974
30.500000000000004,242.47907224654847,54.12615950773868,703.3947682457131
30.55,242.1522355695197,53.778593352539836,704.0691710779407
30.6,241.8279352723185,53.43282416079617,704.7392405668855
30.650000000000002,241.50615149895708,53.08884934251569,705.4049991585274
30.700000000000003,241.18686454445327,52.746666189814974,706.0664692657319
30.750000000000004,240.87005485389602,52.406271879312385,706.7236732667918
30.8,240.55570302151008,52.06766347449229,707.3766335039978
30.85,240.24378978972007,51.73083792804056,708.0253722822396
30.900000000000002,239.9342960482142,51.395792084151324,708.6699118676347
30.950000000000003,239.62720283300789,51.062522680805316,709.310274486187
31.000000000000004,239.3224913255073,50.73102635201981,709.9464823224731
31.05,239.02014285157327,50.40129963007042,710.5785575183565
31.1,238.72013888058555,50.07333894768483,711.2065221717298
31.150000000000002,238.42246102450767,49.747140640208734,711.8303983352838
31.200000000000003,238.12709103695263,49.42270094774401,712.4502080153036
31.250000000000004,237.83401081224952,49.100016017259485,713.0659731704912
31.3,237.54320238451115,48.779081904674264,713.6777157108148
31.35,237.25464792670323,48.45989457691402,714.285457496383
31.400000000000002,236.96832974971468,48.142449913940204,714.8892203363453
31.450000000000003,236.6842303014297,47.82674371075258,715.4890259878179
31.500000000000004,236.40233216580148,47.51277167936509,716.0848961548336
31.55,236.1226180619279,47.200529450755354,716.6768524873169
31.6,235.8450708431291,46.89001257678798,717.2649165800831
31.650000000000002,235.56967349602712,46.58121653211182,717.8491099718613
31.700000000000003,235.29640913962814,46.27413671603143,718.4294541443406
31.750000000000004,235.02526102440663,45.96876845435297,719.0059705212407
31.8,234.75621253139238,45.6651070012046,719.5786804674033
31.85,234.48924717125993,45.363147540831754,720.1476052879086
31.900000000000002,234.2243485834208,45.06288518936735,720.7127662272121
31.950000000000003,233.96150053511852,44.76431499657725,721.2741844683045
32.0,233.70068692052655,44.46743194758108,721.8318811318926
32.05,233.44189175984934,44.172230964548746,722.3858772756022
32.1,233.18509919842631,43.87870690837269,722.9361938932012
32.15,232.9302935058393,43.58685458031626,723.4828519138447
32.199999999999996,232.677459075023,43.29666872363829,724.025872201339
32.25,232.42658042137901,43.00814402519416,724.5652755534271
32.3,232.17764218189328,42.72127511701355,725.1010827010934
32.35,231.93062911425696,42.436056577855034,725.6333143078882
32.4,231.6855260959911,42.15248293473785,726.1619909692713
32.449999999999996,231.44231812357475,41.870548664450936,726.6871332119746
32.5,231.20099031157702,41.590248195039536,727.2087614933837
32.55,230.9615278917928,41.31157590726952,727.726896200938
32.6,230.72391621238245,41.03452613606972,728.2415576515481
32.65,230.48814073701533,40.7590931719524,728.7527660910325
32.699999999999996,230.25418704401736,40.485271262412155,729.2605416935708
32.75,230.02204082552268,40.213054613303406,729.7649045611741
32.8,229.7916878866292,39.94243739019674,730.2658747231743
32.85,229.56311414455854,39.67341371971427,730.7634721357274
32.9,229.33630562781988,39.40597769084428,731.257716681336
32.949999999999996,229.1112484753783,39.140123356235335,731.7486281683865
33.0,228.88792893582712,38.87584473347005,732.236226330703
33.05,228.6663333665648,38.613135806318816,732.7205308271165
33.1,228.44644823297594,38.35199052597357,733.2015612410506
33.15,228.22826010761688,38.09240281226196,733.6793370801213
33.199999999999996,228.01175566940546,37.83436655484202,734.1538777757527
33.25,227.79692170281547,37.57787561437758,734.6252026828071
33.3,227.58374509707537,37.32292382369468,735.0933310792301
33.35,227.3722128453716,37.06950498891909,735.5582821657094
33.4,227.16231204405636,36.817612890595306,736.0200750653485
33.449999999999996,226.95402989185996,36.56724128478703,736.4787288233531
33.5,226.7473536891077,36.31838390415953,736.9342624067328
33.55,226.54227083694138,36.07103445904398,737.3866947040148
33.6,226.33876883654534,35.82518663848397,737.8360445249708
33.65,226.13683528837714,35.580834111264515,738.2823306003585
33.699999999999996,225.9364578914029,35.33797052692359,738.7255715816736
33.75,225.73762444233728,35.09658951674656,739.1657860409163
33.8,225.54032283488797,34.85668469474359,739.6029924703686
33.85,225.3445410590051,34.618249658610296,740.0372092823848
33.9,225.1502672001351,34.38127799067182,740.4684548091932
33.949999999999996,224.9574894384793,34.145763258810526,740.8967473027103
34.0,224.7661960482574,33.9116990173775,741.3221049343653
34.05,224.5763753969752,33.67907880808811,741.7445457949368
34.1,224.38801594469754,33.447896160901706,742.1640878944008
34.15,224.20110624332554,33.21814459488579,742.5807491617887
34.199999999999996,224.01563493587875,32.98981761906475,742.9945474450566
34.25,223.83159075578197,32.762908733253376,743.4055005109648
34.3,223.64896252615665,32.53741142887535,743.8136260449681
34.35,223.46773915911714,32.31331918976694,744.2189416511161
34.4,223.2879096550716,32.090625492966,744.6214648519626
34.449999999999996,223.1094631020274,31.869323809486502,745.0212130884863
34.5,222.9323886749017,31.64940760507885,745.4182037200197
34.55,222.756675634836,31.43087034097602,745.8124540241882
34.6,222.5823133285161,31.213705474625847,746.2039811968583
34.65,222.40929118749617,30.99790646040953,746.5928023520945
34.699999999999996,222.23759872752777,30.78346675034662,746.9789345221259
34.75,222.06722554789343,30.570379794786593,747.3623946573202
34.8,221.89816133074487,30.358639043087255,747.7431996261681
34.85,221.73039584044594,30.14823794428008,748.1213662152742
34.9,221.56391892292,29.93916994772272,748.4969111293575
34.949999999999996,221.39872050500216,29.731428503738815,748.8698509912592
35.0,221.23479059379576,29.525007064245287,749.2402023419592
35.05,221.07211927603387,29.319899083367293,749.6079816405991
35.1,220.91069671744503,29.11609801804099,749.9732052645141
35.15,220.7505131621237,28.91359732860429,750.3358895092722
35.199999999999996,220.5915589319051,28.712390479375756,750.6960505887193
35.25,220.43382442574483,28.512470939221814,751.0537046350336
35.3,220.2773001191028,28.31383218211243,751.408867698785
35.35,220.12197656333163,28.116467687665438,751.7615557490032
35.4,219.96784438506975,27.92037094167961,752.1117846732509
35.449999999999996,219.81489428563876,27.725535436656727,752.4595702777048
35.5,219.66311704044523,27.531954672312708,752.8049282872423
35.55,219.51250349838708,27.339622156078,753.1478743455351
35.6,219.36304458126423,27.1485314035874,753.4884240151486
35.65,219.21473128319374,26.958675939159374,753.8265927776471
35.699999999999996,219.06755467002915,26.770049296265146,754.1623960337059
35.75,218.92150587878442,26.582645017987588,754.4958491032282
35.8,218.77657611706195,26.396456657470125,754.8269672254681
35.85,218.63275666248512,26.21147777835578,755.1557655591594
35.9,218.49003886213498,26.0277019552165,755.4822591826488
35.949999999999996,218.34841413199123,25.84512277397291,755.8064630940362
36.0,218.20787395637757,25.663733832304626,756.1283922113181
36.05,218.068409887411,25.48352874005127,756.4480613725381
36.1,217.93001354445573,25.304501119604332,756.7654853359403
36.15,217.79267661358082,25.12664460629,757.0806787801296
36.199999999999996,217.6563908470224,24.949952848743102,757.3936563042349
36.25,217.52114806264973,24.774419509272292,757.7044324280785
36.3,217.38694014343548,24.600038264216597,758.0130215923484
36.35,217.2537590369302,24.426802804293477,758.3194381587768
36.4,217.1215967547407,24.254706834938514,758.6236964103214
36.449999999999996,216.9904453720125,24.083744076636858,758.9258105513512
36.5,216.86029702691647,23.913908265246544,759.2257947078375
36.55,216.73114392013932,23.74519315231383,759.5236629275473
36.6,216.60297831437808,23.57759250538066,759.8194291802417
36.65,216.47579253383856,23.411100108284362,760.1131073578775
36.699999999999996,216.34957896373774,23.24570976144974,760.4047112748129
36.75,216.22433004981016,23.081415282173626,760.6942546680166
36.8,216.100038297818,22.91821050490207,760.9817511972803
36.85,215.9766962730652,22.756089281500216,761.267214445435
36.9,215.85429659991527,22.595045481515026,761.5506579185701
36.949999999999996,215.7328319613131,22.435072992430964,761.8320950462563
37.0,215.6122950983104,22.276165719918712,762.1115391817713
37.05,215.49267880959488,22.118317588077083,762.3890036023284
37.1,215.37397595102334,21.961522539668184,762.6645015093088
37.15,215.25617943515837,21.80577453634599,762.9380460284959
37.199999999999996,215.13928223080873,21.651067558878385,763.2096502103132
37.25,215.02327736257342,21.497395607362826,763.479327030064
37.3,214.9081579103894,21.34475270143568,763.7470893881753
37.35,214.79391700908295,21.19313288047538,764.012950110442
37.4,214.68054784792454,21.042530203799473,764.2769219482764
37.449999999999996,214.56804367018742,20.892938750855695,764.5390175789573
37.5,214.4563977727096,20.744352621407113,764.7992496058837
37.55,214.34560350545945,20.596765935711492,765.0576305588295
37.6,214.23565427110478,20.450172834694946,765.3141728942007
37.65,214.12654352458534,20.304567480119992,765.5688889952951
37.699999999999996,214.0182647726889,20.159944054748067,765.8217911725634
37.75,213.91081157363058,20.016296762496637,766.0728916638732
37.8,213.8041775366357,19.87361982859097,766.3222026347737
37.85,213.69835632152606,19.731907499710672,766.5697361787636
37.9,213.59334163830934,19.591154044131056,766.81550431756
37.949999999999996,213.48912724677209,19.451353751859457,767.0595190013688
38.0,213.38570695607592,19.31250093476658,767.3017921091579
38.05,213.28307462435697,19.174589926712915,767.5423354489305
38.1,213.18122415832855,19.037615083670403,767.7811607580014
38.15,213.08014951288723,18.901570783839308,768.0182797032738
38.199999999999996,212.97984469072193,18.766451427760515,768.2537038815179
38.25,212.88030374192633,18.632251438423207,768.4874448196508
38.3,212.7815207636143,18.49896526136811,768.7195139750179
38.35,212.68348989953876,18.36658736478629,768.9499227356753
38.4,212.58620533971325,18.235112239613663,769.1786824206735
38.45,212.4896613200369,18.104534399621237,769.4058042803422
38.5,212.39385212192238,17.97484838150118,769.6312994965767
38.55,212.2987720719269,17.8460487449488,769.8551791831246
38.6,212.20441554138617,17.718130072740507,770.0774543858737
38.65,212.11077694605146,17.591086970807808,770.2981360831411
38.7,212.01785074572962,17.464914068307426,770.5172351859634
38.75,211.92563144392597,17.33960601768762,770.7347625383868
38.8,211.83411358749024,17.215157494750766,770.9507289177594
38.85,211.7432917662653,17.09156319871226,771.1651450350229
38.9,211.65316061273887,16.968817852255828,771.3780215350057
38.95,211.56371480169815,16.846916201585284,771.589368996717
39.0,211.4749490498871,16.72585301647285,771.7991979336405
39.05,211.38685811566666,16.605623090304046,772.0075187940297
39.1,211.29943679867782,16.48622124011925,772.2143419612033
39.15,211.21267993950738,16.367642306651973,772.419677753841
39.2,211.1265824193565,16.24988115436394,772.62353642628
39.25,211.04113915971197,16.132932671477004,772.8259281688115
39.3,210.9563451220202,16.016791770001962,773.0268631079783
39.35,210.8721953073639,15.901453385764352,773.2263513068723
39.4,210.7886847561415,15.786912478427274,773.4244027654318
39.45,210.70580854774897,15.67316403151129,773.6210274207402
39.5,210.62356180026467,15.560203052411467,773.8162351473244
39.55,210.54193967013643,15.448024572411624,774.0100357574524
39.6,210.46093735187145,15.336623646695825,774.2024390014332
39.65,210.38055007772866,15.225995354357186,774.3934545679145
39.7,210.3007731174136,15.11613479840404,774.5830920841828
39.75,210.22160177777596,15.00703710576352,774.771361116461
39.8,210.14303140250945,14.898697427282604,774.9582711702084
39.85,210.06505737185432,14.791110937726692,775.1438316904195
39.9,209.9876751023022,14.684272835775738,775.3280520619226
39.95,209.9108800463035,14.578178344018008,775.510941609679
40.0,209.83466769197716,14.47282270894151,775.6925095990819
