run_id,crash_time,mean_repair_queue,repairer_utilization
1,1260.2323064677996,0.006575275442666216,0.08290582709454704
2,20307.874995736853,0.009922820607176254,0.0980862580101146
3,6130.477251638283,0.0069600598653551315,0.09681038856093784
4,1766.5112596703784,0.015868017286112722,0.09847620331650965
5,2450.0587016383333,0.017128455215783656,0.09417551922499126
6,2760.9009724252865,0.008433984676127916,0.1012571222915019
7,439.3224937678032,0.017948436401430613,0.12732093451575005
8,46607.4998728552,0.011829233082997104,0.10060279156795834
9,10369.509260097528,0.010872728092866898,0.10151768783388421
10,11659.878310368398,0.008863901273306345,0.09749578165978981
11,14256.309148166865,0.00809970691452946,0.09428007652416669
12,11852.74955979752,0.008645538385890335,0.09958808367816144
13,558.9914456819951,0.017134003085033753,0.10883686000203593
14,5117.279006660848,0.007769806192214364,0.1004943597375699
15,4526.6078853789695,0.00942836581082822,0.1025732595113378
16,8131.007575888707,0.009711387006248387,0.09641947222252265
17,11030.882494561783,0.01479293315930277,0.10442021421914996
18,2385.7769631849387,0.011346865405118669,0.10482649012169444
19,7840.219529901328,0.01676420292658132,0.10643431439772988
20,1159.8644371485934,0.019273672929529074,0.10537932245176192
21,15769.514752456716,0.010795332212648967,0.10127729304805441
22,3712.318559153122,0.009510002746608074,0.08622647061059753
23,747.2515718639829,0.023830763898628385,0.11184844164800105
24,4897.501228393791,0.012234210600014409,0.09781346602425875
25,5620.085409117029,0.006886264236417747,0.093768845362397
26,24554.11461468474,0.011044075635033093,0.09959309834392731
27,7392.709137354868,0.006648651311844779,0.09190883589902066
28,8063.191584890341,0.007681999591662607,0.09544253084176205
29,10269.1633068546,0.01034408196417473,0.09960848652284618
30,3263.343607055243,0.013742639661298881,0.0939942842492016
31,675.1346504527521,0.008039902904102846,0.09864639666431704
32,6051.352197148922,0.011207629055443197,0.10613331180332956
33,9875.496494524386,0.008933511737099453,0.08918868304122952
34,2251.8704440574293,0.01373739690464285,0.09816219784637825
35,6007.267226722854,0.020587868106441306,0.10510507504388987
36,1625.9163235179124,0.008201006720150531,0.08757763576725833
37,11114.726497254876,0.009231906974219188,0.10222914704877702
38,8829.5588756771,0.015318179936132851,0.10565342510011791
39,9489.423183045066,0.01093553833038271,0.09551703842203275
40,1472.8965741204568,0.027085674364248812,0.10392663445860044
41,4800.982258431394,0.01255262957706711,0.09840079729986786
42,10567.442796034316,0.012999674363457907,0.1131231911365707
43,3097.944547368203,0.008811113682325834,0.11412022538761994
44,11601.578449707538,0.011725726504970257,0.10246531501765296
45,25766.95966114332,0.011624984991947092,0.09667694707722177
46,13371.190210178116,0.00984855909013964,0.10334453506753297
47,2989.2234358876603,0.009422779777125991,0.09788663421655312
48,15909.263582001635,0.009275575324381398,0.09492950690590125
49,33083.06824927586,0.010108185742861205,0.09519464716968896
50,15560.166285353327,0.011325463662569639,0.09962505720395666
51,11373.95385901821,0.010531760876920402,0.09490177072626256
52,2207.149061689475,0.021287772993426365,0.09940025708206039
53,15466.321087423112,0.008825290483298229,0.09923734639549767
54,6586.034466477962,0.010100140226457551,0.10293944972307166
55,2066.2520298575646,0.009056001000300518,0.1145931510200088
56,6820.958692821009,0.007433203219909327,0.09137228293602356
57,4043.5509663104544,0.010989057898645889,0.09716434243523521
58,21267.181295796963,0.010733066908769007,0.10192388298825224
59,37389.53790815324,0.012035381008601815,0.1021998303167368
60,2134.2738278870247,0.01800829078231554,0.10910640116339357
61,1079.1490146528097,0.013181058471148591,0.10569114167575067
62,17470.95493662959,0.009706924704312642,0.09664631637061864
63,3832.0939100015908,0.01492528857007715,0.11100230004252896
64,9285.206164992402,0.008724423051251266,0.09302831927074393
65,9598.252592788982,0.01024370078006973,0.0972680443960512
66,36788.601919362045,0.011174765434244971,0.09984093846132029
67,6082.985202522051,0.010883259065030222,0.09965553241237073
68,5409.407917200426,0.013686563331542027,0.10474196304563536
69,1581.9131364945504,0.018518541158274476,0.10901693141446274
70,16736.08911770578,0.011093486089045002,0.10570813984285742
71,1501.181164377023,0.010618285176838205,0.09976337395649525
72,1918.8826215411837,0.009479839025344392,0.10301475112839642
73,5108.290717506892,0.010413212476325425,0.09310251211235887
74,8315.301473573245,0.014167996144749244,0.10085914373392317
75,3125.4540597836567,0.007913382380897784,0.09972311465925468
76,35995.0625508923,0.009764715737117907,0.09870961055433873
77,10538.737252187733,0.015711460982962635,0.1061371637820235
78,6158.848370436797,0.01348839959101394,0.09893563049346377
79,4306.94354701153,0.012919263482757263,0.11119090178947123
80,22215.1669643862,0.008615129305122675,0.09481294493671
81,80366.19076172433,0.01069908254049679,0.09939878633851226
82,4553.981904522735,0.010201000395362146,0.08760890550091259
83,23962.490225437978,0.010003465935909932,0.09822368607989077
84,2315.8445973915777,0.009769186138416668,0.09644098316091551
85,29742.988914559093,0.009731587564573268,0.09749350804631975
86,32080.623171263804,0.009881774727379158,0.09449126346092987
87,29793.754423592538,0.011567491594663314,0.1022474841865038
88,7922.756263150592,0.013520342249834777,0.09883803604594643
89,38762.86595814285,0.011144355402760344,0.10039269113913203
90,29450.702668150643,0.009274069331941989,0.09953796750269621
91,12276.739262763322,0.009088706203617649,0.10334858702279183
92,14623.472324546321,0.009335894721446702,0.09748663760650632
93,9014.397289398838,0.007155573571480464,0.09324683692296393
94,11290.221832206847,0.010584927931552099,0.09528937681852442
95,10980.922436265619,0.012520863089858733,0.1046287646644875
96,10510.623849490417,0.008777979559440215,0.09420389351027895
97,9762.621529543529,0.008147398699059357,0.0951476502981206
98,5770.202704491589,0.008864469729624918,0.10531356566254402
99,11007.05863814212,0.010699394539773248,0.10023722215879173
100,7943.17396153247,0.01268688916388957,0.10286088323080504
101,5204.03938733498,0.012109474065893194,0.09805170029454263
102,21053.99570839572,0.008697917256905035,0.09969290682589484
103,4537.702364085248,0.0062396110502197745,0.09818816583219811
104,26103.544675700115,0.009446576378926388,0.10008679242486548
105,11296.753683207457,0.009669483661616221,0.09441359803210196
106,1646.9839735284384,0.008662379998541147,0.09729825126158263
107,5873.476926510153,0.010589097378961384,0.10137662148805889
108,19173.526904211143,0.0097582331880875,0.10188125884092698
109,5074.602311597348,0.00980512355641955,0.0996917946636518
110,11983.994960443277,0.012004984637600363,0.09770265391845016
111,3596.802759149109,0.007275145789922934,0.1004852060451559
112,2767.567503613586,0.01750742545309183,0.11125207100736818
113,15418.172227878005,0.013262448619397049,0.10232427148645913
114,12430.002830885576,0.01280657370737254,0.09876123142547812
115,1196.3646958036943,0.010881267976684761,0.09390839394977492
116,11389.609652943604,0.0069469626323925785,0.09449994299793724
117,13401.820230469968,0.011449200865469647,0.10288078184431733
118,6011.6774743496835,0.009736069035358227,0.09872828545116065
119,34356.49013812719,0.011343859220093335,0.09995459195696652
120,17030.839397619366,0.009133552803811767,0.09379618429044569
121,8877.551602829104,0.009829201601561472,0.10770525756735845
122,10088.707242317018,0.008713205542462037,0.10223595998962574
123,4949.708237075457,0.008692565433056734,0.09917926208051094
124,4675.3064255743875,0.01066415334527243,0.09952768402422157
125,5306.604406409692,0.011048377390159077,0.09903407372673605
126,3579.9667435884217,0.008002022829403762,0.09006419459468362
127,1592.512694146645,0.011420765877025674,0.0943438684220428
128,62788.56963144673,0.009414779989353169,0.0977228007765565
129,17123.375417084608,0.011791060675966424,0.10107471251262273
130,6249.8752784812,0.007591432182231747,0.09068981877138836
131,4087.0127043626544,0.009592925140928717,0.10645585028867202
132,2658.508746631708,0.01094398169187512,0.08830390635948525
133,1165.2104462136992,0.011019120127910335,0.08919608583686775
134,4136.1841021187565,0.015411425138796238,0.10232793969664257
135,16006.156820891714,0.009206293302282289,0.09984551852854491
136,17750.9481153563,0.009838384922223574,0.0933155324071261
137,4033.3035482417004,0.00936983829250301,0.09105997037633144
138,17305.459628375615,0.008245794876915279,0.09736715880668424
139,6252.956068955161,0.0070666930098206735,0.09436015639085599
140,3886.535744161121,0.012229383298383445,0.10316721368511333
141,6755.214284206551,0.009718955282001477,0.10471999677600627
142,28628.99525628501,0.009889781412159302,0.10136411028556984
143,9663.72338043662,0.011226797551782066,0.09721830132345888
144,2118.5095164065824,0.008290864845224994,0.11154679156336753
145,854.8685745338291,0.010038731526161089,0.11093100451867394
146,814.8867838208749,0.01571283862951024,0.10594696226309235
147,9663.368167360493,0.009822774165016222,0.08848557234233193
148,16678.415277911165,0.011478200208108443,0.10117704725725103
149,5784.623945886922,0.016992805531731384,0.11357530940103228
150,7106.12046474165,0.009350034360189776,0.10200193119527372
151,6798.3436786395405,0.01171184825991632,0.10458396143716919
152,3985.933500699325,0.010040646045452753,0.09446284485642839
153,9071.839409462504,0.009035610822023412,0.09782774764716547
154,9.085440729796856,0.16516089624522612,0.2702939292563772
155,3139.4085638722977,0.010298147477821006,0.10423342812789782
156,18064.465447348804,0.01084913500627903,0.103433988320412
157,28633.220196592454,0.009315398955081716,0.09683640712863723
158,5489.15688009497,0.01078600347062772,0.0977891864392017
159,14034.314234737934,0.010930117838668181,0.09637741940513993
160,5804.171626544218,0.010671301172134568,0.10315294759078684
161,12000.957834992694,0.011778636341791035,0.10551902128735254
162,7791.981541933754,0.011201487927465928,0.10148175192747573
163,11168.996783099792,0.009779531565277399,0.10574371447523921
164,12680.75570962662,0.00886944635972309,0.09363286698108741
165,6390.603136212014,0.012592372196979526,0.10750754463745499
166,11982.694798121707,0.008532031771613982,0.09570471567363933
167,10206.22919828776,0.012031340801151879,0.09474451876419147
168,2367.8399598006285,0.018090827483747605,0.1156178654307904
169,1456.2182074881155,0.017790508543125826,0.10659322598904092
170,22170.45857329488,0.011914682649160265,0.09762226751437875
171,34616.53896790207,0.009104196844941929,0.10063478960713311
172,6308.069877947702,0.01083370760346046,0.10001819963343667
173,35915.515145087425,0.011301287336361737,0.09791478401247508
174,1857.7751826637636,0.007483686734029226,0.08826348224841939
175,2123.0210072373843,0.007435055346449786,0.10213646147803229
176,9414.134014044652,0.010628782265216713,0.09122687369555649
177,10136.285039746173,0.010692243002743835,0.10658496442598875
178,6900.781397273496,0.009178876073550607,0.08783121228917347
179,20198.299633033635,0.01100023431409955,0.10277111328462209
180,7302.101302271198,0.009468281877762393,0.09435967704379242
181,8645.647477363356,0.01065415022222163,0.1109482119838585
182,5795.578837036055,0.009985276649212995,0.10248205990110179
183,13380.98934965897,0.010396108097052364,0.09251919573778909
184,9114.340761425752,0.009801871815654476,0.09408926850252468
185,6821.753094611557,0.00952985940428075,0.09832410411944698
186,12571.498096578474,0.013912219189783347,0.10504765634256205
187,5584.7999359643245,0.010306622259018414,0.10579606115270686
188,18246.20857332351,0.009421278626289038,0.09862321486740283
189,11056.792433937844,0.011900539816721302,0.09839952327982175
190,2220.7767841106847,0.01770096962836861,0.10098742660336199
191,36819.05436705356,0.00903784798086385,0.09933196898922204
192,2395.9345858757997,0.009482222604059287,0.08406897579731672
193,6518.229094510434,0.010241723661413227,0.08859095154018286
194,14872.348964741253,0.011172885891438266,0.09725001730062195
195,1597.3081700371956,0.013544602150009476,0.09440716877693223
196,22931.373731550997,0.008905365061511598,0.09585902635167375
197,6730.675138373676,0.008876454352200403,0.09492412687794421
198,27463.450104831816,0.009229710771446558,0.09578559497887741
199,6091.331655101281,0.011432447279353242,0.10312626584468783
200,7910.719610458381,0.012692873747311763,0.10443446753794813
201,13124.979052631457,0.012683595366357561,0.10029189236049858
202,7770.0781223350095,0.012103187138384706,0.10576438413866662
203,34840.233502025694,0.010228348315661136,0.09822750511092655
204,997.670335988507,0.012603592031034904,0.096403210753536
205,30697.672487843654,0.00920953951704598,0.09578082024957779
206,10824.443800609612,0.010129844819206767,0.09723546003363506
207,6223.941143409039,0.010489549359410506,0.10460455929722859
208,11442.315189787509,0.01349008329264499,0.10431008423451807
209,35532.94002330962,0.01266841998900554,0.10370122152346445
210,44867.58735380612,0.010646054765219742,0.10050688737203134
211,895.3427481152667,0.010280102848179965,0.12346858260465829
212,8457.121706624628,0.014800630210487439,0.10460378677847218
213,41475.93911603778,0.011314229234483445,0.1000571017758161
214,11583.318060035299,0.010368668051651606,0.09629742636888816
215,541.7278273184927,0.02327349146065904,0.1181286583775173
216,1669.7760706769272,0.012200919289722464,0.10542799252775575
217,14086.208142732872,0.009679896819699114,0.09638755884897313
218,23315.959915444775,0.009540183884620645,0.09898823007243131
219,394.289745787476,0.04522308151952036,0.128635607271172
220,4745.327018330644,0.009458864302389727,0.08794898129718877
221,2297.499347932075,0.005058857061439405,0.08536820688982966
222,5971.769090014396,0.006994957763997835,0.09921654815384315
223,1758.121786937017,0.012477254214347134,0.11240881913171952
224,3897.3990258015724,0.021321787071440182,0.12213965752533217
225,28829.640924414485,0.00889868626726088,0.0939835063488167
226,5566.329263160283,0.010340338977888172,0.08956702816439041
227,37810.553051815106,0.011053330705175576,0.1008536587796403
228,4152.71935369752,0.01448339491143719,0.09972761199741303
229,8054.23140734362,0.013919942211129587,0.10879228186610232
230,7550.49417293031,0.011322819128367054,0.09790570116505774
231,10024.045720504333,0.015282570232666633,0.10809645226489265
232,247.5391967809661,0.07166347448935666,0.16488560271161484
233,6355.069025972145,0.009727416671468115,0.0954742962419338
234,2609.5089949609123,0.0200316933463886,0.11370885761515585
235,6783.072904510561,0.010023475485856193,0.0966469627905217
236,5211.950915926851,0.009658316407338828,0.09959706013447463
237,1163.932478835951,0.007323032902313521,0.10102125127699456
238,6970.27230442181,0.00614382543735527,0.09518710252639045
239,8878.276047866577,0.009382154543430764,0.10426384428078013
240,7636.223630392057,0.011385448334441755,0.10787635552118136
241,4595.305950154089,0.011959524968443746,0.10847413876826666
242,2735.3177235924313,0.017026835086219102,0.10719887923689679
243,5589.872942089422,0.01724433028375614,0.10228407189569375
244,32707.70217457888,0.009077504473692299,0.09522423752312861
245,24160.019670091853,0.010884871781215498,0.10062844514933376
246,13632.780263862702,0.013088185695422836,0.10125776954304468
247,5856.475171466201,0.00905399050048953,0.08798101799867698
248,21434.18562627729,0.009846003906239983,0.10230715423090761
249,4289.063059029004,0.015176828066300767,0.1106053816340522
250,33880.61495004659,0.011034722220226221,0.09996885620393096
251,16740.186177665073,0.01004480329467417,0.09435849961848986
252,13712.076185095098,0.009905861855771138,0.1016045351718337
253,6725.852144133667,0.009251640951219315,0.10268862618771844
254,3745.3109205351543,0.01220092757086923,0.11013117064171002
255,4150.979928034562,0.009163524554045597,0.09406656001811131
256,9214.704375580292,0.007015054819621059,0.09834067809405418
257,29776.89917771079,0.0099504740267628,0.09806781178087115
258,256.5947315044933,0.01858844052391589,0.1308221349695346
259,19498.488378003312,0.010654878117288071,0.09880626569200204
260,28204.430161103195,0.00974227562548536,0.09913583214955403
261,8852.257954927587,0.010720924392689894,0.09631572373032599
262,4665.212901773387,0.015236807025654867,0.0972522741982268
263,36920.41786312004,0.009897228675390472,0.10076868547539712
264,5411.256019650492,0.01199037923942263,0.10012636888923693
265,1455.0995830753118,0.017308404828438043,0.11785552343271528
266,3935.745022514706,0.008307738096566554,0.08150102299057774
267,73224.04958931918,0.010736430119916127,0.10134646257863365
268,1452.5112431446873,0.02401805429557496,0.12921899804417772
269,19793.44033529597,0.011000567709144676,0.10202830155550516
270,31610.867292658924,0.00935958802242562,0.10055691079168075
271,1308.836863396502,0.015948212154788925,0.10290615411765261
272,8884.166679123293,0.009516740209842733,0.0966371007170759
273,9412.515376561447,0.009550259940495071,0.09945222409450137
274,2373.1401973146444,0.015380131249475812,0.1133784543354569
275,26484.6403285132,0.010472384958802648,0.09764313016232302
276,14178.294482852012,0.008713447400571528,0.08997577941789002
277,28589.33151163397,0.010304742803959231,0.10080274447906541
278,35024.58347781014,0.011510911611786225,0.10109834056646375
279,19234.109779547933,0.009755486023325549,0.09766487337164466
280,1280.2254440125878,0.009718330998455146,0.07599740754394706
281,16844.00479229337,0.0096762749858393,0.09860868170732565
282,786.5129026555999,0.007728875111559667,0.11556351560052898
283,22635.225949366453,0.009486628043768486,0.10428324707047458
284,772.647551739798,0.01418210238539694,0.09579114875713848
285,21817.697496200613,0.00913360550940744,0.09619180968054704
286,31811.617893364015,0.012171058265006198,0.10054295112885309
287,34732.48463067251,0.011222816895071094,0.10054283883307802
288,22261.678904472366,0.012322298464191382,0.10250209633692922
289,5712.133301964294,0.011938699082940466,0.10065354909678673
290,4514.273208378861,0.007609670939246268,0.0932150822602779
291,282.0548644721401,0.017682648423729345,0.09236323402593792
292,11888.773448503523,0.0107766961523245,0.09938841586886898
293,33747.79471587671,0.010246606482675785,0.09839262175629349
294,1313.5880750117096,0.016530099316178683,0.1020764308883403
295,16971.56895993364,0.010184045169804135,0.10035007030964355
296,9954.558727822923,0.012372050108437853,0.10075435527290656
297,21512.381060331336,0.010171326770793273,0.1004522855252248
298,2370.356936726584,0.010977909702879507,0.10136725839841446
299,18179.11098419761,0.011294930471719816,0.10141092282372555
300,486.26334827687293,0.003880242485019066,0.08883008181209537
